left	right	node	children	time	population
0.000000	0.270237	734	299,301	0.000000	0	
0.270237	0.978843	734	0,299	0.000000	0	
0.978843	1.000000	733	299,301	0.000000	0	
0.270237	0.978843	733	0,301	0.000000	0	
0.000000	0.491022	732	217,219	0.000000	0	
0.491022	0.833241	732	0,217	0.000000	0	
0.833241	1.000000	731	217,219	0.000000	0	
0.491022	0.833241	731	0,219	0.000000	0	
0.000000	0.048859	730	323,325,327,329,331	0.000000	0	
0.048859	0.060637	730	323,325,327,331	0.000000	0	
0.060637	0.356202	730	323,327,331	0.000000	0	
0.356202	0.370544	730	323,331	0.000000	0	
0.370544	0.753262	730	0,331	0.000000	0	
0.060637	0.356202	729	325,329	0.000000	0	
0.356202	0.370544	729	325,327,329	0.000000	0	
0.370544	0.753262	729	323,325,327,329	0.000000	0	
0.753262	1.000000	729	323,325,327,329,331	0.000000	0	
0.048859	0.060637	729	0,329	0.000000	0	
0.000000	0.925221	728	0,171	0.000000	0	
0.925221	1.000000	727	0,171	0.000000	0	
0.000000	0.921435	726	0,154	0.000000	0	
0.921435	1.000000	725	0,154	0.000000	0	
0.000000	0.020032	724	284,286,288,290,292	0.000000	0	
0.020032	0.041515	724	284,286,288,292	0.000000	0	
0.041515	0.045249	724	286,288,292	0.000000	0	
0.045249	0.158606	724	286,292	0.000000	0	
0.158606	0.749603	724	0,292	0.000000	0	
0.041515	0.045249	723	284,290	0.000000	0	
0.045249	0.158606	723	284,288,290	0.000000	0	
0.158606	0.749603	723	284,286,288,290	0.000000	0	
0.749603	1.000000	723	284,286,288,290,292	0.000000	0	
0.020032	0.041515	723	0,290	0.000000	0	
0.000000	0.575273	722	0,61	0.000000	0	
0.575273	1.000000	721	0,61	0.000000	0	
0.000000	0.180209	718	0,153	0.000000	0	
0.180209	1.000000	717	0,153	0.000000	0	
0.000000	0.488902	716	144,146	0.000000	0	
0.488902	0.995222	716	0,144	0.000000	0	
0.995222	1.000000	715	144,146	0.000000	0	
0.488902	0.995222	715	0,146	0.000000	0	
0.000000	0.769270	714	0,206	0.000000	0	
0.769270	1.000000	713	0,206	0.000000	0	
0.000000	0.558014	712	0,58	0.000000	0	
0.558014	1.000000	711	0,58	0.000000	0	
0.751039	1.000000	706	147,149	0.000000	0	
0.378931	0.751039	706	0,149	0.000000	0	
0.000000	0.378931	705	147,149	0.000000	0	
0.378931	0.751039	705	0,147	0.000000	0	
0.128521	0.312893	702	266,272	0.000000	0	
0.312893	0.415449	702	266,272,274	0.000000	0	
0.415449	0.622195	702	266,268,272,274	0.000000	0	
0.622195	1.000000	702	266,268,270,272,274	0.000000	0	
0.059912	0.128521	702	0,266	0.000000	0	
0.000000	0.059912	701	266,268,270,272,274	0.000000	0	
0.059912	0.128521	701	268,270,272,274	0.000000	0	
0.128521	0.312893	701	268,270,274	0.000000	0	
0.312893	0.415449	701	268,270	0.000000	0	
0.415449	0.622195	701	0,270	0.000000	0	
0.000000	0.253252	698	25,27	0.000000	0	
0.253252	0.433144	698	0,27	0.000000	0	
0.433144	1.000000	697	25,27	0.000000	0	
0.253252	0.433144	697	0,25	0.000000	0	
0.000000	0.135049	696	240,242,244	0.000000	0	
0.135049	0.371339	696	240,244	0.000000	0	
0.371339	0.724450	696	0,244	0.000000	0	
0.371339	0.724450	695	240,242	0.000000	0	
0.724450	1.000000	695	240,242,244	0.000000	0	
0.135049	0.371339	695	0,242	0.000000	0	
0.000000	0.060789	694	134,136	0.000000	0	
0.060789	0.303385	694	0,136	0.000000	0	
0.303385	1.000000	693	134,136	0.000000	0	
0.060789	0.303385	693	0,134	0.000000	0	
0.000000	0.962251	692	0,57	0.000000	0	
0.962251	1.000000	691	0,57	0.000000	0	
0.923863	0.959256	690	195,197	0.000000	0	
0.959256	1.000000	690	193,195,197	0.000000	0	
0.476912	0.923863	690	0,195	0.000000	0	
0.000000	0.476912	689	193,195,197	0.000000	0	
0.476912	0.923863	689	193,197	0.000000	0	
0.923863	0.959256	689	0,193	0.000000	0	
0.301188	0.839882	688	111,113	0.000000	0	
0.839882	1.000000	688	111,113,115	0.000000	0	
0.163054	0.301188	688	0,111	0.000000	0	
0.000000	0.163054	687	111,113,115	0.000000	0	
0.163054	0.301188	687	113,115	0.000000	0	
0.301188	0.839882	687	0,115	0.000000	0	
0.000000	0.953537	686	0,280	0.000000	0	
0.953537	1.000000	685	0,280	0.000000	0	
0.000000	0.582570	684	75,77,79	0.000000	0	
0.582570	0.801728	684	75,79	0.000000	0	
0.801728	0.933106	684	0,75	0.000000	0	
0.801728	0.933106	683	77,79	0.000000	0	
0.933106	1.000000	683	75,77,79	0.000000	0	
0.582570	0.801728	683	0,77	0.000000	0	
0.489652	0.643174	680	311,313	0.000000	0	
0.643174	0.882795	680	311,313,317	0.000000	0	
0.882795	1.000000	680	311,313,315,317	0.000000	0	
0.365643	0.489652	680	0,313	0.000000	0	
0.000000	0.365643	679	311,313,315,317	0.000000	0	
0.365643	0.489652	679	311,315,317	0.000000	0	
0.489652	0.643174	679	315,317	0.000000	0	
0.643174	0.882795	679	0,315	0.000000	0	
0.577935	1.000000	678	0,82	0.000000	0	
0.000000	0.577935	677	0,82	0.000000	0	
0.822559	1.000000	674	0,131	0.000000	0	
0.000000	0.822559	673	0,131	0.000000	0	
0.484567	1.000000	672	0,59	0.000000	0	
0.000000	0.484567	671	0,59	0.000000	0	
0.578465	1.000000	670	83,85	0.000000	0	
0.267202	0.578465	670	0,85	0.000000	0	
0.000000	0.267202	669	83,85	0.000000	0	
0.267202	0.578465	669	0,83	0.000000	0	
0.993874	1.000000	668	340,342	0.000000	0	
0.008470	0.993874	668	0,340	0.000000	0	
0.000000	0.008470	667	340,342	0.000000	0	
0.008470	0.993874	667	0,342	0.000000	0	
0.331746	0.788954	666	312,318	0.000000	0	
0.788954	0.794175	666	312,314,318	0.000000	0	
0.794175	1.000000	666	312,314,316,318	0.000000	0	
0.271193	0.331746	666	0,318	0.000000	0	
0.000000	0.271193	665	312,314,316,318	0.000000	0	
0.271193	0.331746	665	312,314,316	0.000000	0	
0.331746	0.788954	665	314,316	0.000000	0	
0.788954	0.794175	665	0,316	0.000000	0	
0.729034	0.744710	664	89,91	0.000000	0	
0.744710	0.797445	664	89,91,95	0.000000	0	
0.797445	0.991600	664	89,91,93,95	0.000000	0	
0.991600	1.000000	664	87,89,91,93,95	0.000000	0	
0.269006	0.729034	664	0,91	0.000000	0	
0.000000	0.269006	663	87,89,91,93,95	0.000000	0	
0.269006	0.729034	663	87,89,93,95	0.000000	0	
0.729034	0.744710	663	87,93,95	0.000000	0	
0.744710	0.797445	663	87,93	0.000000	0	
0.797445	0.991600	663	0,87	0.000000	0	
0.144910	1.000000	662	0,191	0.000000	0	
0.000000	0.144910	661	0,191	0.000000	0	
0.000000	0.286561	658	0,305	0.000000	0	
0.286561	1.000000	657	0,305	0.000000	0	
0.310406	1.000000	656	118,120	0.000000	0	
0.201241	0.310406	656	0,120	0.000000	0	
0.000000	0.201241	655	118,120	0.000000	0	
0.201241	0.310406	655	0,118	0.000000	0	
0.000000	0.716669	654	0,60	0.000000	0	
0.716669	1.000000	653	0,60	0.000000	0	
0.000000	0.010011	652	165,167,169	0.000000	0	
0.010011	0.228088	652	165,167	0.000000	0	
0.228088	0.368657	652	0,167	0.000000	0	
0.228088	0.368657	651	165,169	0.000000	0	
0.368657	1.000000	651	165,167,169	0.000000	0	
0.010011	0.228088	651	0,169	0.000000	0	
0.000000	0.218302	650	251,253	0.000000	0	
0.218302	0.991650	650	0,253	0.000000	0	
0.991650	1.000000	649	251,253	0.000000	0	
0.218302	0.991650	649	0,251	0.000000	0	
0.000000	0.842951	648	159,161	0.000000	0	
0.842951	0.889727	648	0,161	0.000000	0	
0.889727	1.000000	647	159,161	0.000000	0	
0.842951	0.889727	647	0,159	0.000000	0	
0.000000	0.653006	646	155,157	0.000000	0	
0.653006	0.964266	646	0,155	0.000000	0	
0.964266	1.000000	645	155,157	0.000000	0	
0.653006	0.964266	645	0,157	0.000000	0	
0.000000	0.523690	644	1,3	0.000000	0	
0.523690	0.667074	644	0,3	0.000000	0	
0.667074	1.000000	643	1,3	0.000000	0	
0.523690	0.667074	643	0,1	0.000000	0	
0.000000	0.598314	642	5,7,9	0.000000	0	
0.598314	0.611074	642	5,7	0.000000	0	
0.611074	0.731902	642	0,7	0.000000	0	
0.611074	0.731902	641	5,9	0.000000	0	
0.731902	1.000000	641	5,7,9	0.000000	0	
0.598314	0.611074	641	0,9	0.000000	0	
0.494219	1.000000	640	0,319	0.000000	0	
0.000000	0.494219	639	0,319	0.000000	0	
0.000000	0.153768	638	0,189	0.000000	0	
0.153768	1.000000	637	0,189	0.000000	0	
0.188923	0.724636	636	228,230	0.000000	0	
0.724636	1.000000	636	228,230,232	0.000000	0	
0.053421	0.188923	636	0,230	0.000000	0	
0.000000	0.053421	635	228,230,232	0.000000	0	
0.053421	0.188923	635	228,232	0.000000	0	
0.188923	0.724636	635	0,232	0.000000	0	
0.000000	0.240380	634	22,24	0.000000	0	
0.240380	0.300139	634	0,22	0.000000	0	
0.300139	1.000000	633	22,24	0.000000	0	
0.240380	0.300139	633	0,24	0.000000	0	
0.954699	0.987143	632	76,80	0.000000	0	
0.987143	1.000000	632	76,78,80	0.000000	0	
0.542554	0.954699	632	0,76	0.000000	0	
0.000000	0.542554	631	76,78,80	0.000000	0	
0.542554	0.954699	631	78,80	0.000000	0	
0.954699	0.987143	631	0,78	0.000000	0	
0.746489	1.000000	628	39,41	0.000000	0	
0.630896	0.746489	628	0,39	0.000000	0	
0.000000	0.630896	627	39,41	0.000000	0	
0.630896	0.746489	627	0,41	0.000000	0	
0.365924	1.000000	626	40,42	0.000000	0	
0.031249	0.365924	626	0,42	0.000000	0	
0.000000	0.031249	625	40,42	0.000000	0	
0.031249	0.365924	625	0,40	0.000000	0	
0.000000	0.092236	622	0,303	0.000000	0	
0.092236	1.000000	621	0,303	0.000000	0	
0.898529	1.000000	620	276,278	0.000000	0	
0.039954	0.898529	620	0,278	0.000000	0	
0.000000	0.039954	619	276,278	0.000000	0	
0.039954	0.898529	619	0,276	0.000000	0	
0.000000	0.638654	612	0,73	0.000000	0	
0.638654	1.000000	611	0,73	0.000000	0	
0.120986	0.400557	610	15,19	0.000000	0	
0.400557	0.492096	610	13,15,19	0.000000	0	
0.492096	0.574276	610	13,15,17,19	0.000000	0	
0.574276	1.000000	610	11,13,15,17,19	0.000000	0	
0.042657	0.120986	610	0,15	0.000000	0	
0.000000	0.042657	609	11,13,15,17,19	0.000000	0	
0.042657	0.120986	609	11,13,17,19	0.000000	0	
0.120986	0.400557	609	11,13,17	0.000000	0	
0.400557	0.492096	609	11,17	0.000000	0	
0.492096	0.574276	609	0,11	0.000000	0	
0.616051	1.000000	608	140,142	0.000000	0	
0.409216	0.616051	608	0,142	0.000000	0	
0.000000	0.409216	607	140,142	0.000000	0	
0.409216	0.616051	607	0,140	0.000000	0	
0.000000	0.863706	606	0,207	0.000000	0	
0.863706	1.000000	605	0,207	0.000000	0	
0.000000	0.132481	604	178,180,182,184	0.000000	0	
0.132481	0.166859	604	178,182,184	0.000000	0	
0.166859	0.295934	604	178,182	0.000000	0	
0.295934	0.622719	604	0,182	0.000000	0	
0.166859	0.295934	603	180,184	0.000000	0	
0.295934	0.622719	603	178,180,184	0.000000	0	
0.622719	1.000000	603	178,180,182,184	0.000000	0	
0.132481	0.166859	603	0,180	0.000000	0	
0.751191	1.000000	602	201,203	0.000000	0	
0.196871	0.751191	602	0,203	0.000000	0	
0.000000	0.196871	601	201,203	0.000000	0	
0.196871	0.751191	601	0,201	0.000000	0	
0.000000	0.840841	598	0,187	0.000000	0	
0.840841	1.000000	597	0,187	0.000000	0	
0.000000	0.098379	596	2,4	0.000000	0	
0.098379	0.568437	596	0,2	0.000000	0	
0.568437	1.000000	595	2,4	0.000000	0	
0.098379	0.568437	595	0,4	0.000000	0	
0.000000	0.369264	594	218,220	0.000000	0	
0.369264	0.447004	594	0,220	0.000000	0	
0.447004	1.000000	593	218,220	0.000000	0	
0.369264	0.447004	593	0,218	0.000000	0	
0.000000	0.083802	592	177,179,181,183	0.000000	0	
0.083802	0.550290	592	179,181,183	0.000000	0	
0.550290	0.575526	592	179,181	0.000000	0	
0.575526	0.637629	592	0,181	0.000000	0	
0.550290	0.575526	591	177,183	0.000000	0	
0.575526	0.637629	591	177,179,183	0.000000	0	
0.637629	1.000000	591	177,179,181,183	0.000000	0	
0.083802	0.550290	591	0,177	0.000000	0	
0.143931	0.162794	588	210,212	0.000000	0	
0.162794	0.501077	588	210,212,216	0.000000	0	
0.501077	1.000000	588	210,212,214,216	0.000000	0	
0.090731	0.143931	588	0,212	0.000000	0	
0.000000	0.090731	587	210,212,214,216	0.000000	0	
0.090731	0.143931	587	210,214,216	0.000000	0	
0.143931	0.162794	587	214,216	0.000000	0	
0.162794	0.501077	587	0,214	0.000000	0	
0.938056	1.000000	586	0,320	0.000000	0	
0.000000	0.938056	585	0,320	0.000000	0	
0.000000	0.011830	580	339,341	0.000000	0	
0.011830	0.216537	580	0,339	0.000000	0	
0.216537	1.000000	579	339,341	0.000000	0	
0.011830	0.216537	579	0,341	0.000000	0	
0.910607	1.000000	578	64,66	0.000000	0	
0.547645	0.910607	578	0,66	0.000000	0	
0.000000	0.547645	577	64,66	0.000000	0	
0.547645	0.910607	577	0,64	0.000000	0	
0.000000	0.187302	576	29,31,33	0.000000	0	
0.187302	0.598214	576	29,31	0.000000	0	
0.598214	0.604665	576	0,31	0.000000	0	
0.598214	0.604665	575	29,33	0.000000	0	
0.604665	1.000000	575	29,31,33	0.000000	0	
0.187302	0.598214	575	0,33	0.000000	0	
0.279281	1.000000	574	0,188	0.000000	0	
0.000000	0.279281	573	0,188	0.000000	0	
0.000000	0.348691	572	35,37	0.000000	0	
0.348691	0.497924	572	0,35	0.000000	0	
0.497924	1.000000	571	35,37	0.000000	0	
0.348691	0.497924	571	0,37	0.000000	0	
0.000000	0.268217	570	0,208	0.000000	0	
0.268217	1.000000	569	0,208	0.000000	0	
0.675592	1.000000	568	0,185	0.000000	0	
0.000000	0.675592	567	0,185	0.000000	0	
0.000000	0.934536	566	0,186	0.000000	0	
0.934536	1.000000	565	0,186	0.000000	0	
0.012505	1.000000	564	0,62	0.000000	0	
0.000000	0.012505	563	0,62	0.000000	0	
0.000000	0.625734	562	333,335,337	0.000000	0	
0.625734	0.698687	562	333,337	0.000000	0	
0.698687	0.903795	562	0,337	0.000000	0	
0.698687	0.903795	561	333,335	0.000000	0	
0.903795	1.000000	561	333,335,337	0.000000	0	
0.625734	0.698687	561	0,335	0.000000	0	
0.981308	1.000000	560	308,310	0.000000	0	
0.721830	0.981308	560	0,308	0.000000	0	
0.000000	0.721830	559	308,310	0.000000	0	
0.721830	0.981308	559	0,310	0.000000	0	
0.000000	0.121850	556	44,46,48,50	0.000000	0	
0.121850	0.221107	556	44,46,50	0.000000	0	
0.221107	0.886321	556	44,46	0.000000	0	
0.886321	0.912660	556	0,46	0.000000	0	
0.221107	0.886321	555	48,50	0.000000	0	
0.886321	0.912660	555	44,48,50	0.000000	0	
0.912660	1.000000	555	44,46,48,50	0.000000	0	
0.121850	0.221107	555	0,48	0.000000	0	
0.813610	1.000000	554	0,200	0.000000	0	
0.000000	0.813610	553	0,200	0.000000	0	
0.000000	0.016972	552	36,38	0.000000	0	
0.016972	0.601258	552	0,38	0.000000	0	
0.601258	1.000000	551	36,38	0.000000	0	
0.016972	0.601258	551	0,36	0.000000	0	
0.000000	0.304301	550	84,86	0.000000	0	
0.304301	0.976826	550	0,86	0.000000	0	
0.976826	1.000000	549	84,86	0.000000	0	
0.304301	0.976826	549	0,84	0.000000	0	
0.000000	0.162611	548	0,151	0.000000	0	
0.162611	1.000000	547	0,151	0.000000	0	
0.372210	0.854758	546	209,213	0.000000	0	
0.854758	0.992037	546	209,211,213	0.000000	0	
0.992037	1.000000	546	209,211,213,215	0.000000	0	
0.262662	0.372210	546	0,209	0.000000	0	
0.000000	0.262662	545	209,211,213,215	0.000000	0	
0.262662	0.372210	545	211,213,215	0.000000	0	
0.372210	0.854758	545	211,215	0.000000	0	
0.854758	0.992037	545	0,215	0.000000	0	
0.484061	1.000000	544	0,152	0.000000	0	
0.000000	0.484061	543	0,152	0.000000	0	
0.567336	0.878352	542	296,298	0.000000	0	
0.878352	1.000000	542	294,296,298	0.000000	0	
0.230555	0.567336	542	0,298	0.000000	0	
0.000000	0.230555	541	294,296,298	0.000000	0	
0.230555	0.567336	541	294,296	0.000000	0	
0.567336	0.878352	541	0,294	0.000000	0	
0.000000	0.241954	538	166,168,170	0.000000	0	
0.241954	0.247319	538	166,168	0.000000	0	
0.247319	0.736997	538	0,166	0.000000	0	
0.247319	0.736997	537	168,170	0.000000	0	
0.736997	1.000000	537	166,168,170	0.000000	0	
0.241954	0.247319	537	0,170	0.000000	0	
0.000000	0.893154	536	0,81	0.000000	0	
0.893154	1.000000	535	0,81	0.000000	0	
0.646777	0.679832	534	6,10	0.000000	0	
0.679832	1.000000	534	6,8,10	0.000000	0	
0.478560	0.646777	534	0,6	0.000000	0	
0.000000	0.478560	533	6,8,10	0.000000	0	
0.478560	0.646777	533	8,10	0.000000	0	
0.646777	0.679832	533	0,8	0.000000	0	
0.379550	0.896756	530	229,231	0.000000	0	
0.896756	1.000000	530	227,229,231	0.000000	0	
0.265456	0.379550	530	0,231	0.000000	0	
0.000000	0.265456	529	227,229,231	0.000000	0	
0.265456	0.379550	529	227,229	0.000000	0	
0.379550	0.896756	529	0,227	0.000000	0	
0.000000	0.070442	528	67,69,71	0.000000	0	
0.070442	0.632030	528	67,71	0.000000	0	
0.632030	0.810399	528	0,71	0.000000	0	
0.632030	0.810399	527	67,69	0.000000	0	
0.810399	1.000000	527	67,69,71	0.000000	0	
0.070442	0.632030	527	0,69	0.000000	0	
0.174825	0.495344	526	45,49	0.000000	0	
0.495344	0.543646	526	45,47,49	0.000000	0	
0.543646	1.000000	526	43,45,47,49	0.000000	0	
0.166378	0.174825	526	0,49	0.000000	0	
0.000000	0.166378	525	43,45,47,49	0.000000	0	
0.166378	0.174825	525	43,45,47	0.000000	0	
0.174825	0.495344	525	43,47	0.000000	0	
0.495344	0.543646	525	0,43	0.000000	0	
0.000000	0.118851	524	68,70,72	0.000000	0	
0.118851	0.668905	524	68,72	0.000000	0	
0.668905	0.853545	524	0,68	0.000000	0	
0.668905	0.853545	523	70,72	0.000000	0	
0.853545	1.000000	523	68,70,72	0.000000	0	
0.118851	0.668905	523	0,70	0.000000	0	
0.000000	0.302395	522	30,32,34	0.000000	0	
0.302395	0.379508	522	32,34	0.000000	0	
0.379508	0.511211	522	0,32	0.000000	0	
0.379508	0.511211	521	30,34	0.000000	0	
0.511211	1.000000	521	30,32,34	0.000000	0	
0.302395	0.379508	521	0,30	0.000000	0	
0.000000	0.195465	518	246,248,250	0.000000	0	
0.195465	0.648538	518	248,250	0.000000	0	
0.648538	0.978212	518	0,248	0.000000	0	
0.648538	0.978212	517	246,250	0.000000	0	
0.978212	1.000000	517	246,248,250	0.000000	0	
0.195465	0.648538	517	0,246	0.000000	0	
0.000000	0.268864	516	300,302	0.000000	0	
0.268864	0.838567	516	0,302	0.000000	0	
0.838567	1.000000	515	300,302	0.000000	0	
0.268864	0.838567	515	0,300	0.000000	0	
0.290817	1.000000	514	148,150	0.000000	0	
0.086766	0.290817	514	0,148	0.000000	0	
0.000000	0.086766	513	148,150	0.000000	0	
0.086766	0.290817	513	0,150	0.000000	0	
0.000000	0.138902	512	255,257,259,261,263	0.000000	0	
0.138902	0.259430	512	257,259,261,263	0.000000	0	
0.259430	0.401684	512	257,259,261	0.000000	0	
0.401684	0.512915	512	257,259	0.000000	0	
0.512915	0.558315	512	0,257	0.000000	0	
0.259430	0.401684	511	255,263	0.000000	0	
0.401684	0.512915	511	255,261,263	0.000000	0	
0.512915	0.558315	511	255,259,261,263	0.000000	0	
0.558315	1.000000	511	255,257,259,261,263	0.000000	0	
0.138902	0.259430	511	0,255	0.000000	0	
0.608734	0.918437	510	336,338	0.000000	0	
0.918437	1.000000	510	334,336,338	0.000000	0	
0.410046	0.608734	510	0,338	0.000000	0	
0.000000	0.410046	509	334,336,338	0.000000	0	
0.410046	0.608734	509	334,336	0.000000	0	
0.608734	0.918437	509	0,334	0.000000	0	
0.735897	1.000000	508	117,119	0.000000	0	
0.711146	0.735897	508	0,119	0.000000	0	
0.000000	0.711146	507	117,119	0.000000	0	
0.711146	0.735897	507	0,117	0.000000	0	
0.000000	0.088760	506	222,224,226	0.000000	0	
0.088760	0.444902	506	222,224	0.000000	0	
0.444902	0.527641	506	0,224	0.000000	0	
0.444902	0.527641	505	222,226	0.000000	0	
0.527641	1.000000	505	222,224,226	0.000000	0	
0.088760	0.444902	505	0,226	0.000000	0	
0.000000	0.503128	504	245,247,249	0.000000	0	
0.503128	0.709064	504	247,249	0.000000	0	
0.709064	0.914620	504	0,249	0.000000	0	
0.709064	0.914620	503	245,247	0.000000	0	
0.914620	1.000000	503	245,247,249	0.000000	0	
0.503128	0.709064	503	0,245	0.000000	0	
0.679964	1.000000	502	63,65	0.000000	0	
0.140453	0.679964	502	0,65	0.000000	0	
0.000000	0.140453	501	63,65	0.000000	0	
0.140453	0.679964	501	0,63	0.000000	0	
0.709554	1.000000	500	0,322	0.000000	0	
0.000000	0.709554	499	0,322	0.000000	0	
0.000000	0.410216	498	0,138	0.000000	0	
0.410216	1.000000	497	0,138	0.000000	0	
0.000000	0.086820	496	202,204	0.000000	0	
0.086820	0.138080	496	0,202	0.000000	0	
0.138080	1.000000	495	202,204	0.000000	0	
0.086820	0.138080	495	0,204	0.000000	0	
0.000000	0.182902	494	233,235,237	0.000000	0	
0.182902	0.288090	494	235,237	0.000000	0	
0.288090	0.385729	494	0,237	0.000000	0	
0.288090	0.385729	493	233,235	0.000000	0	
0.385729	1.000000	493	233,235,237	0.000000	0	
0.182902	0.288090	493	0,233	0.000000	0	
0.000000	0.000476	492	324,326,328,330,332	0.000000	0	
0.000476	0.126156	492	324,326,328,332	0.000000	0	
0.126156	0.528614	492	324,326,328	0.000000	0	
0.528614	0.818953	492	324,328	0.000000	0	
0.818953	0.990264	492	0,324	0.000000	0	
0.126156	0.528614	491	330,332	0.000000	0	
0.528614	0.818953	491	326,330,332	0.000000	0	
0.818953	0.990264	491	326,328,330,332	0.000000	0	
0.990264	1.000000	491	324,326,328,330,332	0.000000	0	
0.000476	0.126156	491	0,330	0.000000	0	
0.000000	0.769160	490	293,295,297	0.000000	0	
0.769160	0.785704	490	295,297	0.000000	0	
0.785704	0.907315	490	0,297	0.000000	0	
0.785704	0.907315	489	293,295	0.000000	0	
0.907315	1.000000	489	293,295,297	0.000000	0	
0.769160	0.785704	489	0,293	0.000000	0	
0.000000	0.244444	486	351,353,355	0.000000	0	
0.244444	0.253687	486	351,353	0.000000	0	
0.253687	0.885938	486	0,353	0.000000	0	
0.253687	0.885938	485	351,355	0.000000	0	
0.885938	1.000000	485	351,353,355	0.000000	0	
0.244444	0.253687	485	0,355	0.000000	0	
0.111337	1.000000	484	160,162	0.000000	0	
0.107262	0.111337	484	0,160	0.000000	0	
0.000000	0.107262	483	160,162	0.000000	0	
0.107262	0.111337	483	0,162	0.000000	0	
0.000000	0.721592	482	156,158	0.000000	0	
0.721592	0.901624	482	0,158	0.000000	0	
0.901624	1.000000	481	156,158	0.000000	0	
0.721592	0.901624	481	0,156	0.000000	0	
0.866938	1.000000	480	21,23	0.000000	0	
0.620477	0.866938	480	0,21	0.000000	0	
0.000000	0.620477	479	21,23	0.000000	0	
0.620477	0.866938	479	0,23	0.000000	0	
0.199357	0.707186	478	221,225	0.000000	0	
0.707186	1.000000	478	221,223,225	0.000000	0	
0.004899	0.199357	478	0,221	0.000000	0	
0.000000	0.004899	477	221,223,225	0.000000	0	
0.004899	0.199357	477	223,225	0.000000	0	
0.199357	0.707186	477	0,223	0.000000	0	
0.969534	1.000000	476	139,141	0.000000	0	
0.505429	0.969534	476	0,139	0.000000	0	
0.000000	0.505429	475	139,141	0.000000	0	
0.505429	0.969534	475	0,141	0.000000	0	
0.999303	1.000000	474	174,176	0.000000	0	
0.277715	0.999303	474	0,176	0.000000	0	
0.000000	0.277715	473	174,176	0.000000	0	
0.277715	0.999303	473	0,174	0.000000	0	
0.893568	1.000000	470	0,74	0.000000	0	
0.000000	0.893568	469	0,74	0.000000	0	
0.461769	0.528609	468	18,20	0.000000	0	
0.528609	0.806691	468	16,18,20	0.000000	0	
0.806691	0.940756	468	14,16,18,20	0.000000	0	
0.940756	1.000000	468	12,14,16,18,20	0.000000	0	
0.451049	0.461769	468	0,20	0.000000	0	
0.000000	0.451049	467	12,14,16,18,20	0.000000	0	
0.451049	0.461769	467	12,14,16,18	0.000000	0	
0.461769	0.528609	467	12,14,16	0.000000	0	
0.528609	0.806691	467	12,14	0.000000	0	
0.806691	0.940756	467	0,12	0.000000	0	
0.659645	1.000000	466	26,28	0.000000	0	
0.281952	0.659645	466	0,28	0.000000	0	
0.000000	0.281952	465	26,28	0.000000	0	
0.281952	0.659645	465	0,26	0.000000	0	
0.759714	1.000000	464	0,279	0.000000	0	
0.000000	0.759714	463	0,279	0.000000	0	
0.000000	0.585614	462	0,281	0.000000	0	
0.585614	1.000000	461	0,281	0.000000	0	
0.000000	0.033550	460	101,103,105,107,109	0.000000	0	
0.033550	0.405430	460	101,105,107,109	0.000000	0	
0.405430	0.721422	460	101,105,109	0.000000	0	
0.721422	0.782722	460	101,105	0.000000	0	
0.782722	0.968569	460	0,105	0.000000	0	
0.405430	0.721422	459	103,107	0.000000	0	
0.721422	0.782722	459	103,107,109	0.000000	0	
0.782722	0.968569	459	101,103,107,109	0.000000	0	
0.968569	1.000000	459	101,103,105,107,109	0.000000	0	
0.033550	0.405430	459	0,103	0.000000	0	
0.035651	1.000000	458	0,163	0.000000	0	
0.000000	0.035651	457	0,163	0.000000	0	
0.061411	1.000000	456	0,304	0.000000	0	
0.000000	0.061411	455	0,304	0.000000	0	
0.751498	0.934449	454	239,243	0.000000	0	
0.934449	1.000000	454	239,241,243	0.000000	0	
0.585738	0.751498	454	0,239	0.000000	0	
0.000000	0.585738	453	239,241,243	0.000000	0	
0.585738	0.751498	453	241,243	0.000000	0	
0.751498	0.934449	453	0,241	0.000000	0	
0.801490	1.000000	450	0,137	0.000000	0	
0.000000	0.801490	449	0,137	0.000000	0	
0.000000	0.366220	448	307,309	0.000000	0	
0.366220	0.935164	448	0,309	0.000000	0	
0.935164	1.000000	447	307,309	0.000000	0	
0.366220	0.935164	447	0,307	0.000000	0	
0.000000	0.278567	444	0,199	0.000000	0	
0.278567	1.000000	443	0,199	0.000000	0	
0.000000	0.736740	442	0,132	0.000000	0	
0.736740	1.000000	441	0,132	0.000000	0	
0.000000	0.124382	440	252,254	0.000000	0	
0.124382	0.191063	440	0,252	0.000000	0	
0.191063	1.000000	439	252,254	0.000000	0	
0.124382	0.191063	439	0,254	0.000000	0	
0.000000	0.301508	436	0,282	0.000000	0	
0.301508	1.000000	435	0,282	0.000000	0	
0.396468	0.909606	434	112,116	0.000000	0	
0.909606	1.000000	434	112,114,116	0.000000	0	
0.158579	0.396468	434	0,112	0.000000	0	
0.000000	0.158579	433	112,114,116	0.000000	0	
0.158579	0.396468	433	114,116	0.000000	0	
0.396468	0.909606	433	0,114	0.000000	0	
0.000000	0.164068	432	283,285,287,289,291	0.000000	0	
0.164068	0.532521	432	283,285,287,289	0.000000	0	
0.532521	0.747248	432	285,287,289	0.000000	0	
0.747248	0.773758	432	285,287	0.000000	0	
0.773758	0.810812	432	0,287	0.000000	0	
0.532521	0.747248	431	283,291	0.000000	0	
0.747248	0.773758	431	283,289,291	0.000000	0	
0.773758	0.810812	431	283,285,289,291	0.000000	0	
0.810812	1.000000	431	283,285,287,289,291	0.000000	0	
0.164068	0.532521	431	0,291	0.000000	0	
0.000000	0.478107	430	0,205	0.000000	0	
0.478107	1.000000	429	0,205	0.000000	0	
0.421720	0.903888	428	126,128	0.000000	0	
0.903888	0.918916	428	126,128,130	0.000000	0	
0.918916	0.958298	428	122,126,128,130	0.000000	0	
0.958298	1.000000	428	122,124,126,128,130	0.000000	0	
0.374147	0.421720	428	0,126	0.000000	0	
0.000000	0.374147	427	122,124,126,128,130	0.000000	0	
0.374147	0.421720	427	122,124,128,130	0.000000	0	
0.421720	0.903888	427	122,124,130	0.000000	0	
0.903888	0.918916	427	122,124	0.000000	0	
0.918916	0.958298	427	0,124	0.000000	0	
0.988493	1.000000	426	0,172	0.000000	0	
0.000000	0.988493	425	0,172	0.000000	0	
0.000000	0.167904	424	344,346,348,350	0.000000	0	
0.167904	0.177887	424	344,346,350	0.000000	0	
0.177887	0.212796	424	344,346	0.000000	0	
0.212796	0.751793	424	0,344	0.000000	0	
0.177887	0.212796	423	348,350	0.000000	0	
0.212796	0.751793	423	346,348,350	0.000000	0	
0.751793	1.000000	423	344,346,348,350	0.000000	0	
0.167904	0.177887	423	0,348	0.000000	0	
0.000000	0.588576	422	0,192	0.000000	0	
0.588576	1.000000	421	0,192	0.000000	0	
0.000000	0.001930	420	256,258,260,262,264	0.000000	0	
0.001930	0.592050	420	256,258,260,262	0.000000	0	
0.592050	0.619515	420	256,260,262	0.000000	0	
0.619515	0.663812	420	260,262	0.000000	0	
0.663812	0.830459	420	0,262	0.000000	0	
0.592050	0.619515	419	258,264	0.000000	0	
0.619515	0.663812	419	256,258,264	0.000000	0	
0.663812	0.830459	419	256,258,260,264	0.000000	0	
0.830459	1.000000	419	256,258,260,262,264	0.000000	0	
0.001930	0.592050	419	0,264	0.000000	0	
0.000000	0.179732	418	133,135	0.000000	0	
0.179732	0.211259	418	0,135	0.000000	0	
0.211259	1.000000	417	133,135	0.000000	0	
0.179732	0.211259	417	0,133	0.000000	0	
0.242271	0.600605	414	123,129	0.000000	0	
0.600605	0.720997	414	121,123,129	0.000000	0	
0.720997	0.812772	414	121,123,127,129	0.000000	0	
0.812772	1.000000	414	121,123,125,127,129	0.000000	0	
0.151292	0.242271	414	0,123	0.000000	0	
0.000000	0.151292	413	121,123,125,127,129	0.000000	0	
0.151292	0.242271	413	121,125,127,129	0.000000	0	
0.242271	0.600605	413	121,125,127	0.000000	0	
0.600605	0.720997	413	125,127	0.000000	0	
0.720997	0.812772	413	0,125	0.000000	0	
0.569767	0.878144	412	53,55	0.000000	0	
0.878144	1.000000	412	51,53,55	0.000000	0	
0.134293	0.569767	412	0,55	0.000000	0	
0.000000	0.134293	411	51,53,55	0.000000	0	
0.134293	0.569767	411	51,53	0.000000	0	
0.569767	0.878144	411	0,51	0.000000	0	
0.495982	0.527865	410	347,349	0.000000	0	
0.527865	0.802858	410	345,347,349	0.000000	0	
0.802858	1.000000	410	343,345,347,349	0.000000	0	
0.272793	0.495982	410	0,347	0.000000	0	
0.000000	0.272793	409	343,345,347,349	0.000000	0	
0.272793	0.495982	409	343,345,349	0.000000	0	
0.495982	0.527865	409	343,345	0.000000	0	
0.527865	0.802858	409	0,343	0.000000	0	
0.000000	0.674177	408	0,358	0.000000	0	
0.674177	1.000000	407	0,358	0.000000	0	
0.523375	0.747081	406	52,56	0.000000	0	
0.747081	1.000000	406	52,54,56	0.000000	0	
0.476447	0.523375	406	0,56	0.000000	0	
0.000000	0.476447	405	52,54,56	0.000000	0	
0.476447	0.523375	405	52,54	0.000000	0	
0.523375	0.747081	405	0,54	0.000000	0	
0.000000	0.080054	404	143,145	0.000000	0	
0.080054	0.456140	404	0,145	0.000000	0	
0.456140	1.000000	403	143,145	0.000000	0	
0.080054	0.456140	403	0,143	0.000000	0	
0.000000	0.082652	402	265,267,269,271,273	0.000000	0	
0.082652	0.223871	402	265,269,271,273	0.000000	0	
0.223871	0.274185	402	265,269,273	0.000000	0	
0.274185	0.565188	402	269,273	0.000000	0	
0.565188	0.688684	402	0,273	0.000000	0	
0.223871	0.274185	401	267,271	0.000000	0	
0.274185	0.565188	401	265,267,271	0.000000	0	
0.565188	0.688684	401	265,267,269,271	0.000000	0	
0.688684	1.000000	401	265,267,269,271,273	0.000000	0	
0.082652	0.223871	401	0,267	0.000000	0	
0.197358	0.754625	398	194,198	0.000000	0	
0.754625	1.000000	398	194,196,198	0.000000	0	
0.078303	0.197358	398	0,194	0.000000	0	
0.000000	0.078303	397	194,196,198	0.000000	0	
0.078303	0.197358	397	196,198	0.000000	0	
0.197358	0.754625	397	0,196	0.000000	0	
0.000000	0.364698	396	88,90,92,94,96	0.000000	0	
0.364698	0.484815	396	88,90,92,94	0.000000	0	
0.484815	0.558250	396	88,92,94	0.000000	0	
0.558250	0.659176	396	88,92	0.000000	0	
0.659176	0.666860	396	0,92	0.000000	0	
0.484815	0.558250	395	90,96	0.000000	0	
0.558250	0.659176	395	90,94,96	0.000000	0	
0.659176	0.666860	395	88,90,94,96	0.000000	0	
0.666860	1.000000	395	88,90,92,94,96	0.000000	0	
0.364698	0.484815	395	0,96	0.000000	0	
0.363379	0.638591	394	104,106	0.000000	0	
0.638591	0.671678	394	102,104,106	0.000000	0	
0.671678	0.705361	394	102,104,106,110	0.000000	0	
0.705361	1.000000	394	102,104,106,108,110	0.000000	0	
0.262007	0.363379	394	0,104	0.000000	0	
0.000000	0.262007	393	102,104,106,108,110	0.000000	0	
0.262007	0.363379	393	102,106,108,110	0.000000	0	
0.363379	0.638591	393	102,108,110	0.000000	0	
0.638591	0.671678	393	108,110	0.000000	0	
0.671678	0.705361	393	0,108	0.000000	0	
0.744863	1.000000	392	0,190	0.000000	0	
0.000000	0.744863	391	0,190	0.000000	0	
0.582603	0.610770	390	354,356	0.000000	0	
0.610770	1.000000	390	352,354,356	0.000000	0	
0.368907	0.582603	390	0,356	0.000000	0	
0.000000	0.368907	389	352,354,356	0.000000	0	
0.368907	0.582603	389	352,354	0.000000	0	
0.582603	0.610770	389	0,352	0.000000	0	
0.000000	0.090493	388	173,175	0.000000	0	
0.090493	0.811792	388	0,175	0.000000	0	
0.811792	1.000000	387	173,175	0.000000	0	
0.090493	0.811792	387	0,173	0.000000	0	
0.000000	0.443246	386	0,321	0.000000	0	
0.443246	1.000000	385	0,321	0.000000	0	
0.000000	0.595426	382	0,357	0.000000	0	
0.595426	1.000000	381	0,357	0.000000	0	
0.844108	1.000000	380	97,99	0.000000	0	
0.555234	0.844108	380	0,99	0.000000	0	
0.000000	0.555234	379	97,99	0.000000	0	
0.555234	0.844108	379	0,97	0.000000	0	
0.000000	0.087386	374	98,100	0.000000	0	
0.087386	0.201603	374	0,100	0.000000	0	
0.201603	1.000000	373	98,100	0.000000	0	
0.087386	0.201603	373	0,98	0.000000	0	
0.000000	0.342473	370	234,236,238	0.000000	0	
0.342473	0.409805	370	236,238	0.000000	0	
0.409805	0.632124	370	0,236	0.000000	0	
0.409805	0.632124	369	234,238	0.000000	0	
0.632124	1.000000	369	234,236,238	0.000000	0	
0.342473	0.409805	369	0,234	0.000000	0	
0.000000	0.764957	368	275,277	0.000000	0	
0.764957	0.964454	368	0,277	0.000000	0	
0.964454	1.000000	367	275,277	0.000000	0	
0.764957	0.964454	367	0,275	0.000000	0	
0.000000	0.773113	364	0,164	0.000000	0	
0.773113	1.000000	363	0,164	0.000000	0	
0.000000	0.025579	360	0,306	0.000000	0	
0.025579	1.000000	359	0,306	0.000000	0	
